{"cameraMode":{"drawMode":0,"name":"Shaded","section":"Shading Mode"},"sceneLighting":true,"audioPlay":false,"sceneViewState":{"m_AlwaysRefresh":false,"showFog":true,"showSkybox":true,"showFlares":true,"showImageEffects":true,"showParticleSystems":true,"showVisualEffectGraphs":true,"m_FxEnabled":true},"in2DMode":false,"pivot":{"x":13.440305709838868,"y":-10.896162033081055,"z":20.974363327026368},"rotation":{"x":0.21134425699710847,"y":0.2826761305332184,"z":-0.06387484073638916,"w":0.9335024356842041},"size":14.705587387084961,"orthographic":false}