{"cameraMode":{"drawMode":0,"name":"Shaded","section":"Shading Mode"},"sceneLighting":true,"audioPlay":false,"sceneViewState":{"m_AlwaysRefresh":true,"showFog":true,"showSkybox":true,"showFlares":true,"showImageEffects":true,"showParticleSystems":true,"showVisualEffectGraphs":true,"m_FxEnabled":true},"in2DMode":false,"pivot":{"x":0.23398645222187043,"y":1.0099915266036988,"z":-0.3706001937389374},"rotation":{"x":-0.22046704590320588,"y":0.016682308167219163,"z":-0.0037210420705378057,"w":-0.9753300547599793},"size":1.210672378540039,"orthographic":false}