{"cameraMode":{"drawMode":0,"name":"Shaded","section":"Shading Mode"},"sceneLighting":true,"audioPlay":false,"sceneViewState":{"m_AlwaysRefresh":true,"showFog":true,"showSkybox":true,"showFlares":true,"showImageEffects":true,"showParticleSystems":true,"showVisualEffectGraphs":true,"m_FxEnabled":true},"in2DMode":false,"pivot":{"x":0.3541901111602783,"y":0.7377021312713623,"z":1.6344777345657349},"rotation":{"x":-0.10478915274143219,"y":-0.078389972448349,"z":0.008344098925590516,"w":-0.991447389125824},"size":1.210672378540039,"orthographic":false}