{"cameraMode":{"drawMode":0,"name":"Shaded","section":"Shading Mode"},"sceneLighting":true,"audioPlay":false,"sceneViewState":{"m_AlwaysRefresh":true,"showFog":true,"showSkybox":true,"showFlares":true,"showImageEffects":true,"showParticleSystems":true,"showVisualEffectGraphs":true,"m_FxEnabled":true},"in2DMode":false,"pivot":{"x":-0.5259845852851868,"y":0.07049188762903214,"z":0.2763063907623291},"rotation":{"x":-0.06012348458170891,"y":-0.06972607970237732,"z":0.004269968718290329,"w":-0.9958220720291138},"size":1.210672378540039,"orthographic":false}