{"cameraMode":{"drawMode":0,"name":"Shaded","section":"Shading Mode"},"sceneLighting":true,"audioPlay":false,"sceneViewState":{"m_AlwaysRefresh":true,"showFog":true,"showSkybox":true,"showFlares":true,"showImageEffects":true,"showParticleSystems":true,"showVisualEffectGraphs":true,"m_FxEnabled":true},"in2DMode":false,"pivot":{"x":1.368184208869934,"y":29.839994430541993,"z":9.36449909210205},"rotation":{"x":-0.29573631286621096,"y":-0.3802507817745209,"z":0.12974609434604646,"w":-0.8667832612991333},"size":0.07936321198940277,"orthographic":false}