{"cameraMode":{"drawMode":0,"name":"Shaded","section":"Shading Mode"},"sceneLighting":true,"audioPlay":false,"sceneViewState":{"m_AlwaysRefresh":true,"showFog":true,"showSkybox":true,"showFlares":true,"showImageEffects":true,"showParticleSystems":true,"showVisualEffectGraphs":true,"m_FxEnabled":true},"in2DMode":false,"pivot":{"x":-0.14069238305091859,"y":0.6668940782546997,"z":1.6444417238235474},"rotation":{"x":-0.11998718231916428,"y":0.025909287855029107,"z":-0.0030739165376871826,"w":-0.9925143718719482},"size":1.210672378540039,"orthographic":false}