{"cameraMode":{"drawMode":0,"name":"Shaded","section":"Shading Mode"},"sceneLighting":true,"audioPlay":false,"sceneViewState":{"m_AlwaysRefresh":true,"showFog":true,"showSkybox":true,"showFlares":true,"showImageEffects":true,"showParticleSystems":true,"showVisualEffectGraphs":true,"m_FxEnabled":true},"in2DMode":false,"pivot":{"x":-2.18937087059021,"y":12.33775806427002,"z":10.144344329833985},"rotation":{"x":-0.20282390713691712,"y":0.45391109585762026,"z":-0.10690028220415116,"w":-0.8611559271812439},"size":0.07936321198940277,"orthographic":false}