{"cameraMode":{"drawMode":0,"name":"Shaded","section":"Shading Mode"},"sceneLighting":true,"audioPlay":false,"sceneViewState":{"m_AlwaysRefresh":true,"showFog":true,"showSkybox":true,"showFlares":true,"showImageEffects":true,"showParticleSystems":true,"showVisualEffectGraphs":true,"m_FxEnabled":true},"in2DMode":false,"pivot":{"x":7.55110502243042,"y":32.15990447998047,"z":-23.68742561340332},"rotation":{"x":0.37086212635040285,"y":0.17561352252960206,"z":-0.07163545489311218,"w":0.9091694951057434},"size":0.06040217727422714,"orthographic":false}