{"cameraMode":{"drawMode":0,"name":"Shaded","section":"Shading Mode"},"sceneLighting":true,"audioPlay":false,"sceneViewState":{"m_AlwaysRefresh":true,"showFog":true,"showSkybox":true,"showFlares":true,"showImageEffects":true,"showParticleSystems":true,"showVisualEffectGraphs":true,"m_FxEnabled":true},"in2DMode":false,"pivot":{"x":-4.435608386993408,"y":31.572172164916993,"z":20.914297103881837},"rotation":{"x":-0.16624872386455537,"y":-0.8261551260948181,"z":0.31410956382751467,"w":-0.4373833239078522},"size":0.08976338058710098,"orthographic":false}